{"id":1,"totalBlocksMined":694,"totalCommitted":15824.432628000002,"totalClaimed":12600000,"totalStackedAllTime":54743050,"totalStackedThisCycle":42143050,"totalRewardsClaimed":12975.342834,"txCount":143}