{"id":21,"totalBlocksMined":800,"totalCommitted":2000.6000000000001,"totalClaimed":3200000,"totalStackedAllTime":178188,"totalStackedThisCycle":178188,"totalRewardsClaimed":54.861959,"txCount":45}