{"id":15,"totalBlocksMined":794,"totalCommitted":21214.677277000003,"totalClaimed":9800000,"totalStackedAllTime":113556838,"totalStackedThisCycle":113556838,"totalRewardsClaimed":40669.762606000004,"txCount":172}